image_id,soil_type,color
img_ed005410.jpg,Alluvial soil,"rgb(0, 0, 0)"
img_0c5ecd2a.jpg,Alluvial soil,"rgb(178, 171, 135)"
img_ed713bb5.jpg,Alluvial soil,"rgb(221, 203, 157)"
img_12c58874.jpg,Alluvial soil,"rgb(173, 157, 114)"
img_eff357af.jpg,Alluvial soil,"rgb(175, 159, 115)"
img_ebbd4d97.jpeg,Alluvial soil,"rgb(176, 162, 107)"
img_61a4be9b.jpg,Alluvial soil,"rgb(177, 164, 126)"
img_f8ee6267.jpg,Alluvial soil,"rgb(176, 164, 125)"
img_903747fa.jpg,Alluvial soil,"rgb(173, 158, 114)"
img_be9dc251.jpg,Alluvial soil,"rgb(172, 156, 112)"
img_47b2a710.jpg,Alluvial soil,"rgb(219, 204, 159)"
img_92d7778b.jpg,Alluvial soil,"rgb(173, 157, 113)"
img_db1d9b5f.jpg,Alluvial soil,"rgb(167, 160, 134)"
img_6030bc4f.jpg,Alluvial soil,"rgb(0, 0, 0)"
img_dfcfbfe0.jpg,Alluvial soil,"rgb(0, 0, 0)"
img_74efd1ac.jpg,Alluvial soil,"rgb(218, 209, 167)"
img_20987a8c.jpg,Alluvial soil,"rgb(168, 160, 132)"
img_1f23d3f3.jpg,Alluvial soil,"rgb(86, 67, 41)"
img_320c82e1.jpg,Alluvial soil,"rgb(148, 141, 135)"
img_6d534f12.jpg,Alluvial soil,"rgb(97, 91, 78)"
img_5f7e14bc.jpg,Alluvial soil,"rgb(179, 172, 136)"
img_b7b6b32e.jpg,Alluvial soil,"rgb(170, 154, 122)"
img_a2893d09.jpg,Alluvial soil,"rgb(173, 157, 114)"
img_da891064.jpg,Alluvial soil,"rgb(178, 164, 121)"
img_0103e659.jpg,Alluvial soil,"rgb(174, 158, 114)"
img_49c63308.jpg,Alluvial soil,"rgb(203, 168, 117)"
img_56176675.jpg,Alluvial soil,"rgb(212, 180, 135)"
img_3cffd144.jpg,Alluvial soil,"rgb(176, 163, 125)"
img_8ea3e991.jpg,Alluvial soil,"rgb(174, 158, 114)"
img_2fc1e4a4.jpg,Alluvial soil,"rgb(217, 208, 167)"
img_2999ea3d.jpg,Alluvial soil,"rgb(218, 204, 159)"
img_72a35d87.jpg,Alluvial soil,"rgb(178, 163, 120)"
img_a3cd9404.jpeg,Alluvial soil,"rgb(135, 125, 102)"
img_99d52376.jpg,Alluvial soil,"rgb(179, 172, 135)"
img_8e00300b.jpg,Alluvial soil,"rgb(178, 171, 135)"
img_e7979177.jpg,Alluvial soil,"rgb(176, 163, 125)"
img_bd81c98e.jpg,Alluvial soil,"rgb(179, 172, 135)"
img_c0b97a33.jpg,Alluvial soil,"rgb(178, 171, 135)"
img_9f20ddcd.jpg,Alluvial soil,"rgb(217, 208, 167)"
img_88eeaf0f.jpeg,Alluvial soil,"rgb(184, 159, 130)"
img_66cc627d.jpg,Alluvial soil,"rgb(176, 163, 125)"
img_f7163b04.jpg,Alluvial soil,"rgb(175, 159, 115)"
img_bd21a9dc.jpg,Alluvial soil,"rgb(178, 163, 120)"
img_34712a96.jpg,Alluvial soil,"rgb(181, 166, 147)"
img_2a199495.jpg,Alluvial soil,"rgb(221, 203, 157)"
img_2aafb5de.jpg,Alluvial soil,"rgb(219, 204, 159)"
img_517b6ee4.jpg,Alluvial soil,"rgb(132, 123, 108)"
img_4f2d133c.jpg,Alluvial soil,"rgb(0, 0, 0)"
img_b68ce75a.jpg,Alluvial soil,"rgb(178, 171, 135)"
img_a0b46dea.jpg,Alluvial soil,"rgb(222, 204, 158)"
img_24b7f6b2.jpg,Alluvial soil,"rgb(148, 123, 85)"
img_73da875a.jpg,Alluvial soil,"rgb(221, 203, 157)"
img_e8818a57.jpg,Alluvial soil,"rgb(46, 35, 33)"
img_4029a557.jpg,Alluvial soil,"rgb(178, 163, 120)"
img_b5f207a5.jpg,Alluvial soil,"rgb(174, 158, 114)"
img_fe088f63.jpg,Alluvial soil,"rgb(172, 156, 113)"
img_e38c8db0.jpg,Alluvial soil,"rgb(178, 171, 135)"
img_f154cefb.jpg,Alluvial soil,"rgb(174, 158, 115)"
img_a4d3c585.jpg,Alluvial soil,"rgb(178, 171, 135)"
img_b2cc1844.jpg,Alluvial soil,"rgb(219, 204, 159)"
img_73cd5747.jpg,Alluvial soil,"rgb(179, 171, 135)"
img_867f4b3c.jpg,Alluvial soil,"rgb(175, 162, 124)"
img_7e49a666.jpg,Alluvial soil,"rgb(0, 0, 0)"
img_aea66d19.jpg,Alluvial soil,"rgb(175, 158, 114)"
img_60c43a62.jpg,Alluvial soil,"rgb(178, 171, 135)"
img_0899b448.jpg,Alluvial soil,"rgb(221, 203, 157)"
img_b987b9be.jpg,Alluvial soil,"rgb(221, 203, 157)"
img_a7aecb27.png,Alluvial soil,"rgb(219, 166, 102)"
img_2d7d5e33.jpg,Alluvial soil,"rgb(211, 168, 114)"
img_e8d6e178.jpg,Alluvial soil,"rgb(221, 203, 157)"
img_f63e4a86.jpg,Alluvial soil,"rgb(175, 161, 119)"
img_d9f81b3b.jpg,Alluvial soil,"rgb(0, 0, 0)"
img_91b11bf4.jpg,Alluvial soil,"rgb(176, 163, 125)"
img_fd58ac64.jpg,Alluvial soil,"rgb(178, 163, 121)"
img_170fc6f9.jpeg,Alluvial soil,"rgb(144, 131, 119)"
img_1308a2e5.jpg,Alluvial soil,"rgb(219, 204, 159)"
img_cf500fd6.jpg,Alluvial soil,"rgb(0, 0, 0)"
img_5a79b5ca.jpg,Alluvial soil,"rgb(174, 158, 114)"
img_b0173a02.jpg,Alluvial soil,"rgb(223, 184, 142)"
img_8a50f83d.jpg,Alluvial soil,"rgb(173, 159, 117)"
img_af7c1eb3.jpeg,Alluvial soil,"rgb(157, 127, 95)"
img_a7b2dc73.jpeg,Alluvial soil,"rgb(148, 101, 65)"
img_4b51ddd1.jpg,Alluvial soil,"rgb(168, 146, 105)"
img_2bf7adce.jpg,Alluvial soil,"rgb(178, 172, 135)"
img_15d9bfd4.jpg,Alluvial soil,"rgb(179, 172, 136)"
img_5f5e3e71.jpg,Alluvial soil,"rgb(221, 203, 157)"
img_225dfa3d.jpg,Alluvial soil,"rgb(79, 54, 36)"
img_a64ecca8.jpg,Alluvial soil,"rgb(105, 72, 50)"
img_c124ff75.jpg,Alluvial soil,"rgb(219, 204, 159)"
img_4103aba5.jpg,Alluvial soil,"rgb(179, 172, 136)"
img_64625109.jpg,Alluvial soil,"rgb(0, 0, 0)"
img_2f1f894c.jpeg,Alluvial soil,"rgb(179, 145, 117)"
img_dacfe3f9.jpg,Alluvial soil,"rgb(177, 163, 120)"
img_9ca2a4c6.jpg,Alluvial soil,"rgb(175, 159, 115)"
img_2e68860c.jpg,Alluvial soil,"rgb(156, 140, 123)"
img_dbceabbb.jpg,Alluvial soil,"rgb(141, 113, 84)"
img_443bed6b.jpg,Alluvial soil,"rgb(175, 159, 115)"
img_3ced2f7a.jpg,Alluvial soil,"rgb(190, 165, 128)"
img_4c51667f.jpg,Alluvial soil,"rgb(218, 203, 158)"
img_fdab2015.jpg,Alluvial soil,"rgb(218, 204, 159)"
img_a5e3ad84.jpg,Alluvial soil,"rgb(175, 160, 118)"
img_9c82187a.jpg,Alluvial soil,"rgb(179, 172, 136)"
img_a59251a1.jpg,Alluvial soil,"rgb(179, 172, 135)"
img_ff6782ba.jpg,Alluvial soil,"rgb(178, 171, 135)"
img_69c38340.jpg,Alluvial soil,"rgb(0, 0, 0)"
img_4416341a.jpg,Alluvial soil,"rgb(179, 172, 135)"
img_cbbdc7ad.jpg,Alluvial soil,"rgb(219, 204, 159)"
img_cd20475a.jpg,Alluvial soil,"rgb(175, 159, 115)"
img_1f83c127.jpg,Alluvial soil,"rgb(176, 163, 125)"
img_8dfe2fb9.jpg,Alluvial soil,"rgb(0, 0, 0)"
img_b54a02b6.jpg,Alluvial soil,"rgb(174, 158, 113)"
img_753484cb.jpg,Alluvial soil,"rgb(178, 163, 120)"
img_06b5709e.jpeg,Alluvial soil,"rgb(145, 119, 81)"
img_ce7308cf.jpg,Alluvial soil,"rgb(171, 156, 112)"
img_33c49e58.jpg,Alluvial soil,"rgb(187, 162, 125)"
img_257e5d1d.jpg,Alluvial soil,"rgb(179, 172, 136)"
img_ca8da233.jpeg,Alluvial soil,"rgb(197, 148, 92)"
img_259b4d02.jpeg,Alluvial soil,"rgb(137, 124, 90)"
img_aa79520a.jpeg,Alluvial soil,"rgb(179, 158, 139)"
img_9e15fafb.jpeg,Alluvial soil,"rgb(228, 175, 151)"
img_51662dd6.jpg,Alluvial soil,"rgb(222, 204, 158)"
img_c97f9502.jpg,Alluvial soil,"rgb(220, 210, 193)"
img_6137a1d9.jpg,Alluvial soil,"rgb(173, 157, 113)"
img_d8942481.jpg,Alluvial soil,"rgb(175, 158, 114)"
img_9b801ac0.jpg,Alluvial soil,"rgb(211, 168, 114)"
img_4bdf66f2.png,Alluvial soil,"rgb(219, 166, 102)"
img_0e18d07a.jpg,Alluvial soil,"rgb(221, 203, 157)"
img_2cc303a8.jpg,Alluvial soil,"rgb(175, 159, 115)"
img_024be4cd.jpg,Alluvial soil,"rgb(173, 157, 113)"
img_d9bdbd9b.jpg,Alluvial soil,"rgb(124, 104, 86)"
img_1c6a8961.jpg,Alluvial soil,"rgb(174, 158, 114)"
img_23ce4e71.jpg,Alluvial soil,"rgb(218, 204, 159)"
img_2ca8e78e.jpg,Alluvial soil,"rgb(179, 172, 135)"
img_9d07b1c0.jpg,Alluvial soil,"rgb(179, 172, 135)"
img_964dcf2d.jpg,Alluvial soil,"rgb(170, 154, 122)"
img_ffc28025.jpg,Alluvial soil,"rgb(178, 163, 120)"
img_8163dc71.jpg,Alluvial soil,"rgb(171, 156, 112)"
img_63e751f3.jpeg,Alluvial soil,"rgb(144, 131, 119)"
img_65867e93.jpg,Alluvial soil,"rgb(177, 164, 126)"
img_5f4c517a.jpg,Alluvial soil,"rgb(175, 159, 115)"
img_8fb8851b.jpg,Alluvial soil,"rgb(176, 164, 125)"
img_5badf3aa.jpg,Alluvial soil,"rgb(173, 157, 114)"
img_fa69360f.jpg,Alluvial soil,"rgb(178, 171, 135)"
img_292ece4b.jpg,Alluvial soil,"rgb(179, 172, 135)"
img_b7e0f6f2.jpeg,Alluvial soil,"rgb(135, 125, 102)"
img_3096ea8b.jpeg,Alluvial soil,"rgb(179, 145, 117)"
img_2c11a1c9.jpg,Alluvial soil,"rgb(0, 0, 0)"
img_4eab46d6.jpg,Alluvial soil,"rgb(167, 153, 138)"
img_5b1d2962.jpg,Alluvial soil,"rgb(105, 72, 50)"
img_5ca7728f.jpg,Alluvial soil,"rgb(219, 204, 159)"
img_9c656df3.jpg,Alluvial soil,"rgb(219, 204, 159)"
img_5ffec32c.jpg,Alluvial soil,"rgb(218, 209, 167)"
img_bccd8ab1.jpg,Alluvial soil,"rgb(203, 181, 149)"
img_fbdf8405.jpg,Alluvial soil,"rgb(160, 159, 157)"
img_b0b6cccd.jpg,Alluvial soil,"rgb(183, 156, 133)"
img_3ca74d52.jpg,Alluvial soil,"rgb(179, 172, 136)"
img_45aa0e37.jpg,Alluvial soil,"rgb(0, 0, 0)"
img_d8a70a25.jpg,Alluvial soil,"rgb(30, 27, 22)"
img_c715fb9c.jpg,Alluvial soil,"rgb(218, 204, 159)"
img_8cc66d4a.jpg,Alluvial soil,"rgb(165, 149, 134)"
img_a9efd5f4.jpg,Alluvial soil,"rgb(179, 172, 135)"
img_e57322ec.jpg,Alluvial soil,"rgb(179, 172, 135)"
img_fe1e1a88.jpg,Alluvial soil,"rgb(176, 163, 125)"
img_ccc166f7.jpg,Alluvial soil,"rgb(174, 158, 114)"
img_d8b10a1f.jpg,Alluvial soil,"rgb(0, 0, 0)"
img_1d2c640e.jpg,Alluvial soil,"rgb(173, 157, 113)"
img_9a15a90e.jpg,Alluvial soil,"rgb(175, 158, 114)"
img_ba18ef5d.jpg,Alluvial soil,"rgb(167, 160, 134)"
img_b5b6db36.jpg,Alluvial soil,"rgb(178, 163, 120)"
img_01963a95.jpg,Alluvial soil,"rgb(0, 0, 0)"
img_10e013f4.jpg,Alluvial soil,"rgb(174, 158, 114)"
img_6067a566.jpg,Alluvial soil,"rgb(173, 159, 117)"
img_f3c9740d.jpg,Alluvial soil,"rgb(176, 163, 125)"
img_d6011bf8.jpg,Alluvial soil,"rgb(175, 158, 114)"
img_71d3def0.jpg,Alluvial soil,"rgb(178, 171, 135)"
img_09ee8066.jpg,Alluvial soil,"rgb(100, 59, 29)"
img_4ad24251.jpg,Alluvial soil,"rgb(221, 203, 157)"
img_b55fed5a.jpg,Alluvial soil,"rgb(221, 203, 157)"
img_47449a16.jpeg,Alluvial soil,"rgb(228, 175, 151)"
img_130669fe.jpg,Alluvial soil,"rgb(221, 203, 157)"
img_e27b8771.jpeg,Alluvial soil,"rgb(179, 158, 139)"
img_a08e78d4.jpg,Alluvial soil,"rgb(221, 203, 157)"
img_2b19b0b7.jpg,Alluvial soil,"rgb(170, 135, 96)"
img_bf6d2c20.jpg,Alluvial soil,"rgb(219, 204, 159)"
img_073f8fbe.jpg,Alluvial soil,"rgb(148, 141, 135)"
img_563971a7.jpg,Alluvial soil,"rgb(121, 90, 77)"
img_8dc9b604.jpg,Alluvial soil,"rgb(177, 134, 111)"
img_1ca7f988.jpg,Alluvial soil,"rgb(178, 171, 135)"
img_031f2102.jpg,Alluvial soil,"rgb(178, 168, 155)"
img_d7f7bffe.jpg,Alluvial soil,"rgb(222, 204, 158)"
img_06d5c94c.jpg,Alluvial soil,"rgb(235, 214, 188)"
img_27538d15.jpg,Alluvial soil,"rgb(221, 203, 157)"
img_ad52b6cc.jpg,Alluvial soil,"rgb(218, 203, 158)"
img_26134945.jpg,Alluvial soil,"rgb(218, 204, 159)"
img_c3c55ef0.jpg,Alluvial soil,"rgb(205, 180, 149)"
img_16d62a08.jpg,Alluvial soil,"rgb(175, 160, 118)"
img_0661906b.jpg,Alluvial soil,"rgb(179, 172, 136)"
img_237590e1.jpg,Alluvial soil,"rgb(179, 172, 135)"
img_2b33859e.jpg,Alluvial soil,"rgb(178, 171, 135)"
img_15e92253.jpg,Alluvial soil,"rgb(0, 0, 0)"
img_3f58332b.jpg,Alluvial soil,"rgb(172, 156, 113)"
img_d7773fa9.jpg,Alluvial soil,"rgb(219, 204, 159)"
img_0d17b2a6.jpg,Alluvial soil,"rgb(0, 0, 0)"
img_d3921cdd.jpg,Alluvial soil,"rgb(177, 163, 120)"
img_c48e6129.jpg,Alluvial soil,"rgb(175, 159, 115)"
img_4e4a37b3.jpg,Alluvial soil,"rgb(181, 166, 147)"
img_0f687acb.jpg,Alluvial soil,"rgb(174, 158, 115)"
img_7cc5d67b.jpg,Alluvial soil,"rgb(175, 159, 115)"
img_a9b72aab.jpg,Alluvial soil,"rgb(178, 163, 120)"
img_5a6a045d.jpg,Alluvial soil,"rgb(175, 161, 119)"
img_6f43d3da.jpg,Alluvial soil,"rgb(178, 163, 121)"
img_075f28e6.jpg,Alluvial soil,"rgb(176, 163, 125)"
img_3addf563.jpg,Alluvial soil,"rgb(218, 176, 133)"
img_7b1100d9.jpg,Alluvial soil,"rgb(176, 163, 125)"
img_e6953191.jpeg,Alluvial soil,"rgb(164, 143, 125)"
img_216e0e1b.jpg,Alluvial soil,"rgb(179, 172, 135)"
img_ec689f9b.jpg,Alluvial soil,"rgb(141, 113, 84)"
img_8f28afad.jpg,Alluvial soil,"rgb(178, 171, 135)"
img_6d30dbcf.jpg,Alluvial soil,"rgb(219, 204, 159)"
img_be64dbc0.jpg,Alluvial soil,"rgb(217, 208, 167)"
img_5ca5f8a0.jpg,Alluvial soil,"rgb(0, 0, 0)"
img_f9bcc3ed.jpg,Alluvial soil,"rgb(179, 172, 136)"
img_db8d795f.jpg,Alluvial soil,"rgb(71, 59, 47)"
img_92c7ca4d.jpg,Alluvial soil,"rgb(178, 172, 135)"
img_a65f109b.jpg,Alluvial soil,"rgb(221, 203, 157)"
img_a7db8dd3.jpg,Alluvial soil,"rgb(153, 119, 95)"
img_33ebb229.jpg,Alluvial soil,"rgb(161, 128, 103)"
img_0cbbeb9b.jpg,Alluvial soil,"rgb(0, 0, 0)"
img_1c4f9940.jpg,Alluvial soil,"rgb(179, 172, 136)"
img_02885930.jpg,Alluvial soil,"rgb(219, 204, 159)"
img_518fc85c.jpg,Alluvial soil,"rgb(185, 168, 136)"
img_689f56d1.jpg,Alluvial soil,"rgb(178, 171, 135)"
img_5a04776e.jpg,Alluvial soil,"rgb(179, 171, 135)"
img_f45ae7e9.jpg,Alluvial soil,"rgb(175, 162, 124)"
img_518247ee.jpg,Alluvial soil,"rgb(148, 139, 130)"
img_e7632cf4.jpg,Alluvial soil,"rgb(223, 184, 142)"
img_aaa25172.jpeg,Alluvial soil,"rgb(176, 162, 107)"
img_0e152955.jpg,Alluvial soil,"rgb(175, 159, 115)"
img_824ef966.jpg,Alluvial soil,"rgb(168, 146, 105)"
img_b360edad.jpg,Alluvial soil,"rgb(178, 163, 120)"
img_e88dbd84.jpg,Alluvial soil,"rgb(174, 158, 114)"
img_8f248d90.jpg,Alluvial soil,"rgb(173, 158, 114)"
img_e386963b.jpg,Alluvial soil,"rgb(172, 156, 112)"
img_60a04a6c.jpg,Alluvial soil,"rgb(175, 159, 115)"
img_c9dcae04.jpg,Alluvial soil,"rgb(173, 157, 113)"
img_c8639acc.jpg,Alluvial soil,"rgb(220, 210, 193)"
img_c9eb3b91.jpg,Alluvial soil,"rgb(0, 0, 0)"
img_2b7c6a5c.jpg,Alluvial soil,"rgb(174, 158, 113)"
img_387aa96b.jpg,Alluvial soil,"rgb(176, 163, 125)"
img_138ef79b.jpg,Alluvial soil,"rgb(121, 101, 76)"
img_8ddd57d8.jpg,Alluvial soil,"rgb(178, 171, 135)"
img_8812a066.jpeg,Alluvial soil,"rgb(145, 119, 81)"
img_002544b5.jpg,Alluvial soil,"rgb(221, 203, 157)"
img_b05025c4.jpg,Alluvial soil,"rgb(179, 172, 136)"
img_68ffce0e.jpg,Alluvial soil,"rgb(175, 131, 108)"
img_43d2bbea.jpg,Alluvial soil,"rgb(46, 35, 33)"
img_4882a5a0.jpg,Alluvial soil,"rgb(148, 123, 85)"
img_869498e6.jpg,Alluvial soil,"rgb(222, 204, 158)"
img_b904f9d2.jpg,Alluvial soil,"rgb(203, 181, 149)"
img_8c6918a8.jpg,Alluvial soil,"rgb(217, 208, 167)"
img_972bbe89.jpg,Alluvial soil,"rgb(218, 204, 159)"
img_022efd91.jpg,Alluvial soil,"rgb(221, 203, 157)"
img_f33d4c06.jpg,Alluvial soil,"rgb(179, 172, 135)"
img_66111b24.jpg,Alluvial soil,"rgb(178, 171, 135)"
img_a47e6ed6.jpg,Alluvial soil,"rgb(0, 0, 0)"
img_dc9e035a.jpg,Alluvial soil,"rgb(173, 157, 113)"
img_74a1b70a.jpg,Alluvial soil,"rgb(175, 159, 115)"
img_a2b993b1.jpg,Alluvial soil,"rgb(173, 157, 114)"
img_81031cb4.jpg,Alluvial soil,"rgb(187, 162, 125)"
img_7adcab55.jpg,Alluvial soil,"rgb(178, 164, 121)"
img_60ac2511.jpg,Alluvial soil,"rgb(0, 0, 0)"
img_6f5b7c65.jpeg,Alluvial soil,"rgb(184, 159, 130)"
img_0b587b7b.jpg,Alluvial soil,"rgb(174, 158, 114)"
img_781f20a3.jpg,Alluvial soil,"rgb(174, 158, 114)"
img_936ddfbb.jpg,Alluvial soil,"rgb(174, 158, 113)"
img_15bb9ca2.jpg,Alluvial soil,"rgb(0, 0, 0)"
img_39890acb.jpg,Alluvial soil,"rgb(122, 105, 88)"
img_1859187e.jpg,Alluvial soil,"rgb(0, 0, 0)"
img_785f382c.jpg,Alluvial soil,"rgb(164, 143, 125)"
img_35984e09.jpg,Alluvial soil,"rgb(179, 172, 136)"
img_3f2003f7.jpg,Alluvial soil,"rgb(176, 163, 125)"
img_9fc28eac.jpg,Alluvial soil,"rgb(0, 0, 0)"
img_025f35cd.jpg,Alluvial soil,"rgb(177, 164, 125)"
img_2f974f60.jpg,Alluvial soil,"rgb(176, 163, 125)"
img_a01912a3.jpg,Alluvial soil,"rgb(0, 0, 0)"
img_e2efd197.jpg,Alluvial soil,"rgb(217, 208, 166)"
img_7997d98e.jpg,Alluvial soil,"rgb(179, 172, 136)"
img_b763e850.jpg,Alluvial soil,"rgb(206, 180, 153)"
img_674498b7.jpg,Alluvial soil,"rgb(173, 149, 125)"
img_b57d7db5.jpg,Alluvial soil,"rgb(175, 159, 115)"
img_e2c89ecf.jpg,Alluvial soil,"rgb(0, 0, 0)"
img_4060c36b.jpg,Alluvial soil,"rgb(165, 141, 123)"
img_bcfe84c2.jpg,Alluvial soil,"rgb(174, 174, 174)"
img_9829443e.jpg,Alluvial soil,"rgb(179, 172, 136)"
img_41074571.jpg,Alluvial soil,"rgb(217, 208, 167)"
img_315014e2.jpg,Alluvial soil,"rgb(217, 208, 167)"
img_bc9dcefb.jpg,Alluvial soil,"rgb(83, 63, 47)"
img_e9150ccd.jpg,Alluvial soil,"rgb(0, 0, 0)"
img_820d7495.jpeg,Alluvial soil,"rgb(123, 105, 88)"
img_1ea611d3.jpeg,Alluvial soil,"rgb(170, 121, 81)"
img_154fff04.jpg,Alluvial soil,"rgb(0, 0, 0)"
img_0c2b8aa0.jpg,Alluvial soil,"rgb(176, 163, 124)"
img_7f56632f.jpg,Alluvial soil,"rgb(176, 163, 125)"
img_d1cc8861.jpg,Alluvial soil,"rgb(207, 173, 123)"
img_e1023174.jpg,Alluvial soil,"rgb(178, 163, 120)"
img_200c4a39.jpg,Alluvial soil,"rgb(172, 156, 113)"
img_305448c7.jpg,Alluvial soil,"rgb(179, 172, 135)"
img_fd513a2a.jpg,Alluvial soil,"rgb(175, 158, 114)"
img_a8ba7528.jpg,Alluvial soil,"rgb(175, 159, 115)"
img_31fafc06.jpg,Alluvial soil,"rgb(54, 45, 33)"
img_495d32c0.jpg,Alluvial soil,"rgb(174, 158, 114)"
img_e0b83009.jpeg,Alluvial soil,"rgb(199, 150, 91)"
img_dfb5995d.jpg,Alluvial soil,"rgb(179, 172, 136)"
img_8e2a82d7.jpg,Alluvial soil,"rgb(182, 159, 120)"
img_71ef82f9.jpeg,Alluvial soil,"rgb(152, 123, 89)"
img_e3e236a0.jpg,Alluvial soil,"rgb(177, 163, 120)"
img_106b1d91.jpg,Alluvial soil,"rgb(178, 172, 135)"
img_07f80124.jpg,Alluvial soil,"rgb(175, 162, 124)"
img_8d60db62.jpg,Alluvial soil,"rgb(178, 171, 135)"
img_a8c0fdc3.jpg,Alluvial soil,"rgb(178, 171, 135)"
img_f2c77527.jpg,Alluvial soil,"rgb(178, 168, 155)"
img_64a623c5.jpg,Alluvial soil,"rgb(149, 124, 115)"
img_90d77928.jpg,Alluvial soil,"rgb(153, 153, 153)"
img_0ac4aa10.jpg,Alluvial soil,"rgb(126, 120, 115)"
img_be4847ca.jpg,Alluvial soil,"rgb(173, 159, 117)"
img_290db6dc.jpg,Alluvial soil,"rgb(176, 163, 125)"
img_76386dac.jpg,Alluvial soil,"rgb(179, 172, 135)"
img_d3fb5951.jpg,Alluvial soil,"rgb(177, 162, 120)"
img_2b94a126.jpg,Alluvial soil,"rgb(175, 162, 124)"
img_35c2940d.jpg,Alluvial soil,"rgb(0, 0, 0)"
img_644957a3.jpg,Alluvial soil,"rgb(176, 163, 124)"
img_59472b48.jpg,Alluvial soil,"rgb(0, 0, 0)"
img_8edfafe4.jpg,Alluvial soil,"rgb(0, 0, 0)"
img_9bf4b58d.webp,Alluvial soil,"rgb(51, 35, 21)"
img_f867fa8f.jpg,Alluvial soil,"rgb(217, 208, 166)"
img_0f0c1449.jpg,Alluvial soil,"rgb(173, 156, 113)"
img_fbafc1f7.jpg,Alluvial soil,"rgb(168, 160, 132)"
img_735bc694.jpg,Alluvial soil,"rgb(173, 159, 116)"
img_7351b43e.jpg,Alluvial soil,"rgb(175, 162, 124)"
img_b6ce3a90.jpg,Alluvial soil,"rgb(0, 0, 0)"
img_24f620c9.jpg,Alluvial soil,"rgb(217, 208, 167)"
img_cbf979bc.jpeg,Alluvial soil,"rgb(164, 143, 125)"
img_d67490b7.jpg,Alluvial soil,"rgb(199, 147, 106)"
img_fe7576f8.jpg,Alluvial soil,"rgb(221, 203, 157)"
img_88e79d74.jpg,Alluvial soil,"rgb(125, 110, 107)"
img_9fdab967.jpg,Alluvial soil,"rgb(209, 164, 125)"
img_55f4593e.jpg,Alluvial soil,"rgb(222, 204, 158)"
img_2f44c887.jpg,Alluvial soil,"rgb(156, 140, 123)"
img_36c33716.jpg,Alluvial soil,"rgb(225, 188, 148)"
img_e468b2f2.jpg,Alluvial soil,"rgb(0, 0, 0)"
img_d4471d29.jpg,Alluvial soil,"rgb(104, 76, 58)"
img_c821fd91.jpg,Alluvial soil,"rgb(177, 164, 125)"
img_c586fc47.jpg,Alluvial soil,"rgb(179, 172, 136)"
img_f41ea1cc.jpg,Alluvial soil,"rgb(179, 172, 135)"
img_ed18cf00.jpg,Alluvial soil,"rgb(219, 204, 159)"
img_1854e843.jpg,Alluvial soil,"rgb(175, 160, 118)"
img_0aa847a7.jpg,Alluvial soil,"rgb(176, 163, 125)"
img_c7cb29a8.jpg,Alluvial soil,"rgb(179, 172, 135)"
img_9df40ed1.jpg,Alluvial soil,"rgb(0, 0, 0)"
img_115c7321.jpg,Alluvial soil,"rgb(179, 164, 121)"
img_eda6d1e8.jpg,Alluvial soil,"rgb(110, 97, 85)"
img_9b72babc.jpg,Alluvial soil,"rgb(0, 0, 0)"
img_209e8cb8.jpg,Alluvial soil,"rgb(175, 158, 114)"
img_3c4ed833.jpeg,Alluvial soil,"rgb(148, 120, 84)"
img_797e1114.jpg,Alluvial soil,"rgb(176, 163, 125)"
img_00ba638b.jpg,Alluvial soil,"rgb(0, 0, 0)"
img_5edbd608.jpg,Alluvial soil,"rgb(174, 157, 113)"
img_45dba714.jpg,Alluvial soil,"rgb(0, 0, 0)"
img_a242d0b0.jpg,Alluvial soil,"rgb(217, 208, 166)"
img_7e2f417b.jpg,Alluvial soil,"rgb(82, 50, 22)"
img_af4c9c01.jpg,Alluvial soil,"rgb(176, 163, 125)"
img_7b6959d0.jpg,Alluvial soil,"rgb(222, 204, 158)"
img_93a067a7.jpg,Alluvial soil,"rgb(178, 171, 135)"
img_de83050f.jpg,Alluvial soil,"rgb(153, 150, 148)"
img_c314f84c.jpg,Alluvial soil,"rgb(0, 0, 0)"
img_01760b9d.jpg,Alluvial soil,"rgb(178, 141, 107)"
img_7c487363.jpg,Alluvial soil,"rgb(190, 160, 127)"
img_7da16b5b.jpg,Alluvial soil,"rgb(175, 159, 114)"
img_9c32d7a4.jpg,Alluvial soil,"rgb(173, 157, 113)"
img_fed1eec8.jpg,Alluvial soil,"rgb(175, 161, 119)"
img_0ccd4bf1.jpg,Alluvial soil,"rgb(178, 167, 152)"
img_9aff8fbc.jpg,Alluvial soil,"rgb(185, 154, 122)"
img_1892ad0c.jpg,Alluvial soil,"rgb(176, 162, 119)"
img_92463615.jpg,Alluvial soil,"rgb(179, 171, 135)"
img_c68234a7.jpg,Alluvial soil,"rgb(175, 158, 114)"
img_605785db.jpg,Alluvial soil,"rgb(221, 203, 157)"
img_5facce72.jpg,Alluvial soil,"rgb(176, 162, 124)"
img_a8286dc7.jpg,Alluvial soil,"rgb(217, 208, 167)"
img_b04611b3.jpg,Alluvial soil,"rgb(198, 157, 110)"
img_77f048d6.jpg,Alluvial soil,"rgb(179, 172, 136)"
img_1223e949.jpg,Alluvial soil,"rgb(132, 123, 108)"
img_1aac078b.jpg,Alluvial soil,"rgb(176, 163, 125)"
img_c0a5e079.jpeg,Alluvial soil,"rgb(154, 124, 92)"
img_8ec62d12.jpg,Alluvial soil,"rgb(191, 185, 167)"
img_21ef01aa.jpg,Alluvial soil,"rgb(0, 0, 0)"
img_46dd5e3c.jpg,Alluvial soil,"rgb(173, 158, 114)"
img_6057b480.jpg,Alluvial soil,"rgb(174, 158, 113)"
img_f5654cb3.jpg,Alluvial soil,"rgb(178, 163, 120)"
img_d49665bb.jpg,Alluvial soil,"rgb(0, 0, 0)"
img_a8c4ba00.jpg,Alluvial soil,"rgb(217, 208, 166)"
img_c84c5c35.jpg,Alluvial soil,"rgb(176, 163, 125)"
img_85ff21a9.jpg,Alluvial soil,"rgb(222, 204, 158)"
img_b482819e.jpg,Alluvial soil,"rgb(0, 0, 0)"
img_9f15586e.jpg,Alluvial soil,"rgb(110, 97, 85)"
img_71187740.jpg,Alluvial soil,"rgb(179, 172, 136)"
img_3e77505e.jpg,Alluvial soil,"rgb(176, 163, 125)"
img_014b1e8d.jpg,Alluvial soil,"rgb(175, 158, 114)"
img_086d7187.jpg,Alluvial soil,"rgb(0, 0, 0)"
img_bd4a264e.jpg,Alluvial soil,"rgb(175, 159, 115)"
img_2dd4301e.jpg,Alluvial soil,"rgb(83, 63, 47)"
img_13deac35.jpg,Alluvial soil,"rgb(217, 208, 166)"
img_e3f8bb1c.jpg,Alluvial soil,"rgb(205, 184, 149)"
img_24c58c5c.jpg,Alluvial soil,"rgb(179, 172, 136)"
img_565f9f5b.jpg,Alluvial soil,"rgb(210, 194, 158)"
img_239b37af.jpg,Alluvial soil,"rgb(0, 0, 0)"
img_6b138a50.jpg,Alluvial soil,"rgb(179, 172, 136)"
img_3dc56d1b.jpg,Alluvial soil,"rgb(217, 208, 167)"
img_91f72995.jpg,Alluvial soil,"rgb(217, 208, 167)"
img_215a62ed.jpg,Alluvial soil,"rgb(164, 143, 125)"
img_23645a3f.jpg,Alluvial soil,"rgb(173, 158, 114)"
img_f7ca3381.jpg,Alluvial soil,"rgb(122, 105, 88)"
img_2931b952.jpg,Alluvial soil,"rgb(172, 156, 113)"
img_fb76ec77.jpg,Alluvial soil,"rgb(178, 163, 120)"
img_434ecd71.jpg,Alluvial soil,"rgb(179, 172, 135)"
img_e6f6e8a4.jpg,Alluvial soil,"rgb(175, 158, 114)"
img_8796b607.jpg,Alluvial soil,"rgb(221, 203, 157)"
img_a515ac02.jpg,Alluvial soil,"rgb(176, 162, 124)"
img_bf673631.jpg,Alluvial soil,"rgb(217, 208, 167)"
img_5df7b929.jpg,Alluvial soil,"rgb(173, 159, 116)"
img_f6cda644.jpg,Alluvial soil,"rgb(175, 162, 124)"
img_959df789.jpg,Alluvial soil,"rgb(217, 208, 167)"
img_c5c47701.jpg,Alluvial soil,"rgb(46, 35, 33)"
img_850f28ec.webp,Alluvial soil,"rgb(51, 35, 21)"
img_3191e72c.jpeg,Alluvial soil,"rgb(152, 123, 89)"
img_062b0bc4.jpg,Alluvial soil,"rgb(177, 163, 120)"
img_7cf4631f.jpeg,Alluvial soil,"rgb(179, 163, 110)"
img_d4323439.jpg,Alluvial soil,"rgb(179, 172, 136)"
img_6412cbe4.jpg,Alluvial soil,"rgb(30, 27, 22)"
img_46a9f9fe.jpeg,Alluvial soil,"rgb(154, 124, 92)"
img_73310f32.jpg,Alluvial soil,"rgb(160, 159, 157)"
img_f746293b.jpg,Alluvial soil,"rgb(178, 171, 135)"
img_d6866879.jpg,Alluvial soil,"rgb(168, 127, 82)"
img_44aeda3a.jpg,Alluvial soil,"rgb(173, 159, 117)"
img_5f76d3f7.jpg,Alluvial soil,"rgb(203, 185, 152)"
img_f5ddf4a3.jpg,Alluvial soil,"rgb(176, 163, 125)"
img_268169d8.jpg,Alluvial soil,"rgb(190, 165, 128)"
img_63b6613a.jpg,Alluvial soil,"rgb(136, 127, 104)"
img_999260ae.jpg,Alluvial soil,"rgb(203, 168, 117)"
img_43d9f20a.jpg,Alluvial soil,"rgb(176, 163, 124)"
img_e5748cc9.jpg,Alluvial soil,"rgb(0, 0, 0)"
img_69b4e568.jpg,Alluvial soil,"rgb(217, 208, 166)"
img_b925de66.jpg,Alluvial soil,"rgb(175, 160, 118)"
img_1d8910ac.jpg,Alluvial soil,"rgb(0, 0, 0)"
img_317a835a.jpg,Alluvial soil,"rgb(0, 0, 0)"
img_7a28c5f1.jpg,Alluvial soil,"rgb(86, 67, 41)"
img_bced3fff.jpg,Alluvial soil,"rgb(176, 163, 125)"
img_48376e2d.jpg,Alluvial soil,"rgb(179, 172, 135)"
img_bafd9faa.jpeg,Alluvial soil,"rgb(148, 120, 84)"
img_f82a27f6.jpg,Alluvial soil,"rgb(178, 172, 135)"
img_9bbe75da.jpg,Alluvial soil,"rgb(175, 162, 124)"
img_189101ce.jpg,Alluvial soil,"rgb(178, 171, 135)"
img_741e467f.jpg,Alluvial soil,"rgb(173, 156, 113)"
img_bf52ce39.jpeg,Alluvial soil,"rgb(170, 121, 81)"
img_4dcd4856.jpeg,Alluvial soil,"rgb(123, 105, 88)"
img_fe6b4f41.jpeg,Alluvial soil,"rgb(179, 163, 110)"
img_4a4320fe.jpg,Alluvial soil,"rgb(174, 158, 114)"
img_b54541d8.jpg,Alluvial soil,"rgb(0, 0, 0)"
img_822740f7.jpeg,Alluvial soil,"rgb(157, 127, 95)"
img_fc685c25.jpg,Alluvial soil,"rgb(0, 0, 0)"
img_696095ac.jpeg,Alluvial soil,"rgb(148, 101, 65)"
img_f2ac106b.jpg,Alluvial soil,"rgb(221, 203, 157)"
img_4dcbcf73.jpg,Alluvial soil,"rgb(0, 0, 0)"
img_061a20fe.jpg,Alluvial soil,"rgb(222, 204, 158)"
img_a1abefd1.jpg,Alluvial soil,"rgb(194, 135, 66)"
img_023fb04c.jpg,Alluvial soil,"rgb(0, 0, 0)"
img_5cc909b5.jpg,Alluvial soil,"rgb(177, 164, 125)"
img_5e0bb865.jpg,Alluvial soil,"rgb(179, 172, 135)"
img_15a5b300.jpg,Alluvial soil,"rgb(167, 146, 113)"
img_5049fe58.jpg,Alluvial soil,"rgb(149, 124, 115)"
img_d393da7e.jpg,Alluvial soil,"rgb(179, 172, 136)"
img_62e3d380.jpg,Alluvial soil,"rgb(0, 0, 0)"
img_622d25fd.webp,Alluvial soil,"rgb(51, 35, 21)"
img_88b4af41.jpg,Alluvial soil,"rgb(212, 180, 135)"
img_0f5ba850.jpg,Alluvial soil,"rgb(153, 119, 95)"
img_f34ddd22.jpg,Alluvial soil,"rgb(219, 204, 159)"
img_344e94fa.jpg,Alluvial soil,"rgb(207, 173, 123)"
img_b175d391.jpg,Alluvial soil,"rgb(205, 180, 149)"
img_843b6516.jpg,Alluvial soil,"rgb(179, 164, 121)"
img_761a800d.jpg,Alluvial soil,"rgb(0, 0, 0)"
img_b427140a.jpg,Alluvial soil,"rgb(0, 0, 0)"
img_d7dd2bda.jpg,Alluvial soil,"rgb(179, 172, 135)"
img_7409e62f.jpg,Alluvial soil,"rgb(177, 162, 120)"
img_f4a2da20.jpg,Alluvial soil,"rgb(175, 162, 124)"
img_b5d939b3.jpg,Alluvial soil,"rgb(177, 164, 125)"
img_986f7f54.jpg,Alluvial soil,"rgb(176, 163, 125)"
img_7c387b9b.jpg,Alluvial soil,"rgb(176, 163, 125)"
img_f5b59be0.jpg,Alluvial soil,"rgb(0, 0, 0)"
img_c6898d07.jpg,Alluvial soil,"rgb(174, 157, 113)"
img_595ca0ae.jpg,Alluvial soil,"rgb(0, 0, 0)"
img_b4fad0f6.jpg,Alluvial soil,"rgb(174, 158, 113)"
img_d2984cab.jpg,Alluvial soil,"rgb(191, 185, 167)"
img_3791a600.jpg,Alluvial soil,"rgb(0, 0, 0)"
img_bebf4fa0.jpeg,Alluvial soil,"rgb(197, 148, 92)"
img_872de6ea.jpg,Alluvial soil,"rgb(190, 160, 127)"
img_1b28b7bf.jpg,Alluvial soil,"rgb(175, 159, 114)"
img_46964e98.jpg,Alluvial soil,"rgb(178, 171, 135)"
img_51c52b36.jpeg,Alluvial soil,"rgb(137, 124, 90)"
img_5a7230f8.jpg,Alluvial soil,"rgb(175, 161, 119)"
img_96c8d19c.jpg,Alluvial soil,"rgb(173, 157, 113)"
img_40242675.jpg,Alluvial soil,"rgb(199, 141, 89)"
img_99a5dde4.jpg,Alluvial soil,"rgb(176, 162, 119)"
img_6a37aecb.jpg,Alluvial soil,"rgb(167, 146, 113)"
img_cfeb716e.jpg,Alluvial soil,"rgb(175, 158, 114)"
img_d69ca188.jpg,Alluvial soil,"rgb(179, 171, 135)"
img_abb86a01.jpg,Alluvial soil,"rgb(218, 190, 152)"
img_db8e40b2.jpg,Alluvial soil,"rgb(175, 159, 115)"
img_0fc365d6.jpg,Alluvial soil,"rgb(179, 172, 136)"
img_8c17e653.jpg,Alluvial soil,"rgb(176, 163, 125)"
img_e2cf3f6a.jpg,Alluvial soil,"rgb(136, 127, 104)"
img_e9f1d910.jpeg,Alluvial soil,"rgb(199, 150, 91)"
img_6005e33e.jpg,Alluvial soil,"rgb(126, 120, 115)"
img_c5730878.jpg,Alluvial soil,"rgb(174, 158, 113)"
img_d23df0b8.jpg,Alluvial soil,"rgb(178, 163, 120)"
img_5f3c6ce8.jpg,Alluvial soil,"rgb(124, 104, 86)"
img_8282b945.jpg,Alluvial soil,"rgb(182, 159, 120)"
img_d40d6b95.jpg,Alluvial soil,"rgb(79, 54, 36)"
img_cfc4e1cb.jpg,Alluvial soil,"rgb(176, 163, 124)"
img_c38c27b0.jpg,Alluvial soil,"rgb(176, 163, 125)"
img_dd711fab.jpg,Clay soil,"rgb(222, 208, 189)"
img_9955ba9a.jpg,Clay soil,"rgb(0, 0, 0)"
img_24a1cff1.jpg,Clay soil,"rgb(143, 134, 130)"
img_ad638fd4.jpg,Clay soil,"rgb(0, 0, 0)"
img_4a72d764.jpg,Clay soil,"rgb(155, 128, 103)"
img_01eb27c3.jpg,Clay soil,"rgb(206, 198, 188)"
img_d526e658.jpg,Clay soil,"rgb(210, 189, 164)"
img_6e292ade.jpg,Clay soil,"rgb(198, 166, 117)"
img_93066264.jpg,Clay soil,"rgb(211, 198, 193)"
img_e25ce51a.jpg,Clay soil,"rgb(0, 0, 0)"
img_a74c86b4.jpg,Clay soil,"rgb(159, 155, 137)"
img_8dd872b3.jpg,Clay soil,"rgb(197, 192, 193)"
img_6b768dfa.jpg,Clay soil,"rgb(0, 0, 0)"
img_88952018.jpg,Clay soil,"rgb(218, 204, 186)"
img_af7f0e99.jpg,Clay soil,"rgb(142, 113, 81)"
img_08407cb5.jpg,Clay soil,"rgb(226, 203, 181)"
img_0be54185.jpg,Clay soil,"rgb(238, 203, 160)"
img_e41a5fd5.jpg,Clay soil,"rgb(0, 0, 0)"
img_b7f6cb53.jpg,Clay soil,"rgb(218, 185, 142)"
img_99a9bd4e.jpg,Clay soil,"rgb(186, 170, 150)"
img_a3a990ce.jpg,Clay soil,"rgb(1, 0, 0)"
img_f2d1608a.jpg,Clay soil,"rgb(158, 132, 108)"
img_2dc11ca2.jpg,Clay soil,"rgb(157, 123, 112)"
img_6b80598f.jpg,Clay soil,"rgb(0, 0, 0)"
img_0db63c5f.jpg,Clay soil,"rgb(209, 188, 163)"
img_bd1bb46a.jpg,Clay soil,"rgb(65, 27, 13)"
img_ad53e33a.jpg,Clay soil,"rgb(232, 217, 200)"
img_cc60b7b3.jpg,Clay soil,"rgb(179, 164, 132)"
img_5b121fdc.jpeg,Clay soil,"rgb(139, 128, 130)"
img_998db57d.jpg,Clay soil,"rgb(190, 193, 194)"
img_78d5743e.jpg,Clay soil,"rgb(133, 93, 58)"
img_0e952a7c.jpg,Clay soil,"rgb(209, 197, 193)"
img_30ab8caf.jpg,Clay soil,"rgb(179, 141, 96)"
img_79f20d22.jpg,Clay soil,"rgb(0, 0, 0)"
img_51314f22.jpg,Clay soil,"rgb(0, 0, 0)"
img_01b06d1b.jpg,Clay soil,"rgb(0, 0, 0)"
img_99365056.jpg,Clay soil,"rgb(138, 129, 128)"
img_e9e7dff7.jpg,Clay soil,"rgb(0, 0, 0)"
img_392b2603.jpg,Clay soil,"rgb(183, 168, 133)"
img_2b4dc3a4.jpg,Clay soil,"rgb(200, 210, 200)"
img_27a67fd0.jpg,Clay soil,"rgb(138, 129, 128)"
img_f57a63d9.jpg,Clay soil,"rgb(179, 141, 96)"
img_408e943c.jpg,Clay soil,"rgb(177, 139, 97)"
img_8dfdec2e.jpg,Clay soil,"rgb(174, 150, 130)"
img_6c0ba90a.jpg,Clay soil,"rgb(0, 0, 0)"
img_c78ff80d.jpg,Clay soil,"rgb(181, 146, 117)"
img_4d9c92df.jpg,Clay soil,"rgb(0, 0, 0)"
img_bc442ca9.jpg,Clay soil,"rgb(0, 0, 0)"
img_1708d13c.jpg,Clay soil,"rgb(224, 196, 171)"
img_3ae91556.jpg,Clay soil,"rgb(1, 0, 0)"
img_ecf0d18a.jpeg,Clay soil,"rgb(139, 128, 130)"
img_2fdb70a1.jpg,Clay soil,"rgb(197, 165, 117)"
img_aff8fb77.jpg,Clay soil,"rgb(210, 189, 164)"
img_60f71041.png,Clay soil,"rgb(229, 188, 141)"
img_9b931601.jpg,Clay soil,"rgb(218, 185, 142)"
img_8508a3c7.jpg,Clay soil,"rgb(0, 0, 0)"
img_58a5ec96.jpg,Clay soil,"rgb(121, 112, 91)"
img_1c7afcc5.jpg,Clay soil,"rgb(186, 170, 150)"
img_a333a998.jpg,Clay soil,"rgb(212, 143, 97)"
img_64d5df3c.jpg,Clay soil,"rgb(192, 125, 76)"
img_79eb6ed5.jpg,Clay soil,"rgb(206, 147, 88)"
img_27259a99.jpeg,Clay soil,"rgb(225, 209, 190)"
img_0c798a36.jpg,Clay soil,"rgb(179, 141, 96)"
img_b76d9a00.jpg,Clay soil,"rgb(177, 122, 73)"
img_0d0c2d60.jpeg,Clay soil,"rgb(223, 195, 171)"
img_eb163d36.jpg,Clay soil,"rgb(209, 197, 193)"
img_0cb43d24.jpg,Clay soil,"rgb(170, 139, 120)"
img_34f62285.jpg,Clay soil,"rgb(210, 189, 164)"
img_b4808fe4.jpg,Clay soil,"rgb(159, 155, 137)"
img_15c3ff99.jpg,Clay soil,"rgb(223, 189, 144)"
img_fbb6d426.jpg,Clay soil,"rgb(0, 0, 0)"
img_19faec58.jpg,Clay soil,"rgb(198, 166, 117)"
img_b66133eb.jpg,Clay soil,"rgb(155, 128, 103)"
img_2a045874.jpg,Clay soil,"rgb(209, 188, 163)"
img_cc217d68.jpg,Clay soil,"rgb(206, 147, 88)"
img_8cd5e2e6.jpg,Clay soil,"rgb(131, 131, 129)"
img_032cd129.jpg,Clay soil,"rgb(1, 0, 0)"
img_e54a5573.jpg,Clay soil,"rgb(0, 0, 0)"
img_b5d8d088.jpg,Clay soil,"rgb(186, 163, 141)"
img_410d5a99.jpg,Clay soil,"rgb(0, 0, 0)"
img_005e8551.jpg,Clay soil,"rgb(224, 196, 171)"
img_593a1f95.jpg,Clay soil,"rgb(177, 139, 97)"
img_831af63a.png,Clay soil,"rgb(229, 188, 141)"
img_0db3d3d1.jpg,Clay soil,"rgb(0, 0, 0)"
img_01d3e540.jpg,Clay soil,"rgb(211, 198, 193)"
img_f640f275.jpg,Clay soil,"rgb(0, 0, 0)"
img_b323b54f.jpg,Clay soil,"rgb(1, 0, 0)"
img_018a9974.jpg,Clay soil,"rgb(174, 150, 130)"
img_748a4ae8.jpg,Clay soil,"rgb(181, 146, 117)"
img_ce2af552.jpg,Clay soil,"rgb(209, 197, 193)"
img_72f10347.jpg,Clay soil,"rgb(177, 122, 73)"
img_ed35c0e2.jpg,Clay soil,"rgb(0, 0, 0)"
img_cf9901a9.jpg,Clay soil,"rgb(155, 118, 79)"
img_03e7da23.jpg,Clay soil,"rgb(186, 179, 179)"
img_7dee1c6b.jpg,Clay soil,"rgb(237, 169, 113)"
img_f5c83eb2.jpg,Clay soil,"rgb(233, 225, 187)"
img_22b5eb9c.jpg,Clay soil,"rgb(212, 143, 97)"
img_cef865c8.jpg,Clay soil,"rgb(0, 0, 0)"
img_d8074f14.jpg,Clay soil,"rgb(198, 198, 198)"
img_3b3d22d7.jpg,Clay soil,"rgb(150, 104, 64)"
img_10ca8043.jpg,Clay soil,"rgb(220, 205, 175)"
img_000b2d34.jpg,Clay soil,"rgb(0, 0, 0)"
img_b31fc998.jpg,Clay soil,"rgb(182, 173, 156)"
img_c5a5f846.jpg,Clay soil,"rgb(0, 0, 0)"
img_ce9517c2.jpg,Clay soil,"rgb(186, 163, 141)"
img_171e50b3.jpg,Clay soil,"rgb(174, 150, 130)"
img_5c7b42b0.jpeg,Clay soil,"rgb(225, 209, 190)"
img_d99e61f3.jpg,Clay soil,"rgb(230, 210, 186)"
img_f26a8e8d.jpg,Clay soil,"rgb(115, 77, 55)"
img_974a5fa4.jpg,Clay soil,"rgb(138, 129, 128)"
img_f69ebb7e.jpg,Clay soil,"rgb(165, 145, 131)"
img_379f3bcf.jpg,Clay soil,"rgb(0, 0, 0)"
img_896343b5.jpg,Clay soil,"rgb(197, 165, 117)"
img_5e840a03.jpg,Clay soil,"rgb(108, 71, 49)"
img_54c7a667.jpg,Clay soil,"rgb(158, 132, 108)"
img_2fa79cdb.jpg,Clay soil,"rgb(221, 195, 173)"
img_f59e86d7.jpg,Clay soil,"rgb(162, 155, 147)"
img_e21eb89b.jpg,Clay soil,"rgb(223, 189, 144)"
img_efbaa016.jpg,Clay soil,"rgb(212, 181, 143)"
img_99c92be8.jpg,Clay soil,"rgb(138, 129, 128)"
img_9be88c00.jpg,Clay soil,"rgb(0, 0, 0)"
img_945aea22.jpg,Clay soil,"rgb(182, 164, 139)"
img_1cab6f88.jpg,Clay soil,"rgb(108, 71, 49)"
img_a9eaebac.jpg,Clay soil,"rgb(105, 73, 60)"
img_bc8c06e7.jpg,Clay soil,"rgb(1, 0, 0)"
img_e7229e37.jpg,Clay soil,"rgb(0, 0, 0)"
img_731f08fe.jpg,Clay soil,"rgb(151, 148, 137)"
img_43c82721.jpg,Clay soil,"rgb(121, 112, 91)"
img_3a1c7308.jpg,Clay soil,"rgb(177, 139, 97)"
img_ef32e160.jpg,Clay soil,"rgb(234, 180, 153)"
img_92655e16.jpg,Clay soil,"rgb(160, 153, 144)"
img_f87deeb5.jpg,Clay soil,"rgb(0, 0, 0)"
img_7c4cb0a9.jpg,Clay soil,"rgb(0, 0, 0)"
img_97911f10.jpg,Clay soil,"rgb(162, 140, 106)"
img_7dc13a0c.jpg,Clay soil,"rgb(0, 0, 0)"
img_c390f789.jpg,Clay soil,"rgb(175, 172, 173)"
img_15ab0d1b.jpeg,Clay soil,"rgb(223, 195, 171)"
img_ee9c24ca.jpg,Clay soil,"rgb(0, 0, 0)"
img_6542193f.jpg,Clay soil,"rgb(181, 146, 117)"
img_868f6700.jpg,Clay soil,"rgb(122, 113, 92)"
img_036baf68.jpg,Clay soil,"rgb(196, 165, 135)"
img_053ea43d.jpg,Clay soil,"rgb(142, 113, 81)"
img_a58543a0.jpg,Clay soil,"rgb(0, 0, 0)"
img_b23811aa.jpg,Clay soil,"rgb(157, 123, 112)"
img_8ab64a16.jpg,Clay soil,"rgb(193, 193, 194)"
img_9d5837d4.jpg,Clay soil,"rgb(135, 134, 132)"
img_55926609.jpg,Clay soil,"rgb(115, 77, 55)"
img_60fbf599.jpeg,Clay soil,"rgb(225, 209, 190)"
img_46a6b157.jpg,Clay soil,"rgb(222, 208, 189)"
img_3ea987af.jpg,Clay soil,"rgb(234, 180, 153)"
img_6d1bddbc.jpg,Clay soil,"rgb(223, 189, 144)"
img_507b37ef.jpeg,Clay soil,"rgb(139, 128, 130)"
img_dc8d7899.jpg,Clay soil,"rgb(0, 0, 0)"
img_0ea38946.jpg,Clay soil,"rgb(162, 155, 147)"
img_d6fa975d.jpg,Clay soil,"rgb(0, 0, 0)"
img_a111efc3.jpg,Clay soil,"rgb(192, 125, 76)"
img_dd942bc6.jpg,Clay soil,"rgb(197, 165, 117)"
img_ff0eedfd.jpg,Clay soil,"rgb(0, 0, 0)"
img_31819332.jpg,Clay soil,"rgb(208, 208, 207)"
img_443ccc42.jpg,Clay soil,"rgb(0, 0, 0)"
img_27b917f5.jpg,Clay soil,"rgb(122, 115, 94)"
img_ca6f05c3.jpg,Clay soil,"rgb(194, 179, 165)"
img_03ca3712.jpg,Clay soil,"rgb(0, 0, 0)"
img_bf27dd53.jpg,Clay soil,"rgb(138, 129, 128)"
img_54df0de6.jpg,Clay soil,"rgb(208, 211, 208)"
img_1f6a3d8a.jpg,Clay soil,"rgb(168, 158, 146)"
img_e4e6170a.jpg,Clay soil,"rgb(146, 117, 81)"
img_17412b79.jpg,Clay soil,"rgb(1, 0, 0)"
img_569fba0e.jpg,Clay soil,"rgb(0, 0, 0)"
img_44d93f83.jpg,Clay soil,"rgb(209, 188, 163)"
img_9d2bd514.jpg,Clay soil,"rgb(1, 0, 0)"
img_d8869250.jpeg,Clay soil,"rgb(141, 98, 70)"
img_c5ad9a8f.jpg,Clay soil,"rgb(234, 180, 153)"
img_5d65eae8.jpg,Clay soil,"rgb(187, 176, 137)"
img_88440142.jpg,Clay soil,"rgb(111, 112, 109)"
img_7db62ecc.jpg,Clay soil,"rgb(155, 128, 103)"
img_9f66b3e4.jpg,Clay soil,"rgb(0, 0, 0)"
img_d0f08153.jpg,Clay soil,"rgb(1, 0, 0)"
img_89fc458f.jpg,Clay soil,"rgb(205, 200, 197)"
img_0a902114.jpg,Clay soil,"rgb(0, 0, 0)"
img_6893e395.jpg,Clay soil,"rgb(163, 126, 89)"
img_6fa5e277.jpg,Clay soil,"rgb(158, 132, 108)"
img_415bdcec.jpg,Clay soil,"rgb(0, 0, 0)"
img_7c647425.jpg,Clay soil,"rgb(65, 27, 13)"
img_ab6e0a7e.jpg,Clay soil,"rgb(105, 73, 60)"
img_c0060941.jpg,Clay soil,"rgb(237, 169, 113)"
img_3eb406a2.jpg,Clay soil,"rgb(218, 185, 142)"
img_9def4455.jpg,Clay soil,"rgb(222, 208, 189)"
img_a2af3a74.jpg,Clay soil,"rgb(138, 129, 128)"
img_36294829.jpg,Clay soil,"rgb(0, 0, 0)"
img_706d78d6.jpeg,Clay soil,"rgb(223, 195, 171)"
img_9c977861.jpg,Clay soil,"rgb(214, 204, 193)"
img_e1ecdc0e.jpg,Clay soil,"rgb(196, 167, 138)"
img_0b41b968.jpeg,Clay soil,"rgb(141, 98, 70)"
img_307f1823.jpg,Clay soil,"rgb(219, 201, 177)"
img_39b6816e.jpg,Clay soil,"rgb(216, 197, 185)"
img_d68f51b4.jpg,Clay soil,"rgb(0, 0, 0)"
img_b95fa763.jpg,Clay soil,"rgb(150, 104, 64)"
img_693a7112.jpg,Clay soil,"rgb(159, 155, 137)"
img_5a18f044.jpg,Red soil,"rgb(0, 0, 0)"
img_e3b0d079.jpg,Red soil,"rgb(158, 86, 64)"
img_51068105.jpg,Red soil,"rgb(204, 102, 58)"
img_3f756e94.jpg,Red soil,"rgb(145, 68, 61)"
img_436215b8.jpg,Red soil,"rgb(156, 52, 50)"
img_152f1966.jpg,Red soil,"rgb(253, 252, 250)"
img_e3c85be7.jpeg,Red soil,"rgb(217, 90, 41)"
img_45ab4482.jpeg,Red soil,"rgb(143, 57, 30)"
img_128ef878.jpg,Red soil,"rgb(0, 0, 0)"
img_51bd5279.jpg,Red soil,"rgb(172, 58, 48)"
img_636f4106.jpg,Red soil,"rgb(155, 74, 73)"
img_96a61f02.jpg,Red soil,"rgb(147, 68, 12)"
img_6921193a.jpg,Red soil,"rgb(224, 90, 32)"
img_b7b170f2.jpg,Red soil,"rgb(221, 117, 84)"
img_b46efa76.png,Red soil,"rgb(180, 93, 43)"
img_024ea25f.jpg,Red soil,"rgb(138, 74, 43)"
img_32af671f.jpg,Red soil,"rgb(104, 75, 80)"
img_35e442a1.jpg,Red soil,"rgb(191, 89, 38)"
img_49c0630d.jpg,Red soil,"rgb(253, 252, 250)"
img_1a2d0698.jpg,Red soil,"rgb(241, 159, 97)"
img_e9e63c72.jpg,Red soil,"rgb(0, 0, 0)"
img_4848cf60.jpg,Red soil,"rgb(219, 132, 75)"
img_f038fdda.jpg,Red soil,"rgb(199, 91, 59)"
img_13c93e22.jpg,Red soil,"rgb(192, 101, 57)"
img_f05dc6cf.jpg,Red soil,"rgb(145, 44, 37)"
img_2e644c21.jpg,Red soil,"rgb(0, 0, 0)"
img_0fec5fba.jpeg,Red soil,"rgb(169, 57, 48)"
img_50ad69e9.jpeg,Red soil,"rgb(146, 57, 29)"
img_7e738188.jpeg,Red soil,"rgb(174, 88, 52)"
img_8a7f4621.jpg,Red soil,"rgb(219, 231, 244)"
img_fb9f79da.jpeg,Red soil,"rgb(187, 83, 60)"
img_350ccac1.jpg,Red soil,"rgb(127, 86, 81)"
img_5761c132.jpg,Red soil,"rgb(168, 99, 85)"
img_70595be2.jpg,Red soil,"rgb(215, 91, 42)"
img_fda8384c.jpg,Red soil,"rgb(0, 0, 0)"
img_5ccacb4f.jpg,Red soil,"rgb(0, 0, 0)"
img_d29aeb29.jpg,Red soil,"rgb(143, 102, 80)"
img_d181524e.jpg,Red soil,"rgb(218, 122, 60)"
img_a097c846.jpg,Red soil,"rgb(0, 0, 0)"
img_c32a1d00.jpg,Red soil,"rgb(123, 84, 78)"
img_792745ef.jpg,Red soil,"rgb(155, 51, 49)"
img_06ab1c0e.jpg,Red soil,"rgb(177, 129, 97)"
img_76d91692.jpg,Red soil,"rgb(186, 89, 54)"
img_a72ce459.jpeg,Red soil,"rgb(152, 56, 49)"
img_b750a320.jpg,Red soil,"rgb(174, 35, 24)"
img_57392c99.jpg,Red soil,"rgb(126, 62, 39)"
img_0d668b20.jpg,Red soil,"rgb(221, 117, 84)"
img_7d3ed674.jpeg,Red soil,"rgb(165, 56, 48)"
img_208a80b9.jpg,Red soil,"rgb(237, 119, 100)"
img_370b1935.jpeg,Red soil,"rgb(189, 83, 30)"
img_539d7036.jpg,Red soil,"rgb(202, 108, 78)"
img_3e7fbf3e.jpg,Red soil,"rgb(211, 131, 111)"
img_24963541.jpg,Red soil,"rgb(164, 75, 47)"
img_3fc6512e.jpg,Red soil,"rgb(1, 0, 0)"
img_bab81648.jpg,Red soil,"rgb(155, 74, 73)"
img_e80e4a93.jpg,Red soil,"rgb(215, 108, 61)"
img_897aca78.jpg,Red soil,"rgb(126, 50, 31)"
img_b0e2337e.jpg,Red soil,"rgb(135, 76, 44)"
img_918d9834.jpeg,Red soil,"rgb(187, 81, 27)"
img_d0e3e1ea.jpeg,Red soil,"rgb(204, 99, 53)"
img_42d95853.jpg,Red soil,"rgb(0, 0, 0)"
img_98c3df80.jpg,Red soil,"rgb(164, 95, 80)"
img_e55247f8.jpg,Red soil,"rgb(157, 77, 48)"
img_d0928f50.jpg,Red soil,"rgb(156, 52, 50)"
img_23b4e7af.jpg,Red soil,"rgb(179, 68, 16)"
img_9e3250d2.jpeg,Red soil,"rgb(217, 90, 41)"
img_06d78681.jpg,Red soil,"rgb(190, 83, 34)"
img_42ac59dd.jpg,Red soil,"rgb(159, 65, 70)"
img_b4926e63.jpg,Red soil,"rgb(145, 44, 37)"
img_5e70c4c2.jpg,Red soil,"rgb(157, 77, 48)"
img_00e908a5.jpg,Red soil,"rgb(0, 0, 0)"
img_febe3434.jpeg,Red soil,"rgb(169, 57, 48)"
img_dd3432a4.jpeg,Red soil,"rgb(146, 57, 29)"
img_e066121a.jpg,Red soil,"rgb(159, 69, 45)"
img_a5782cb4.jpg,Red soil,"rgb(177, 129, 97)"
img_68d5cdd3.jpg,Red soil,"rgb(1, 0, 0)"
img_673a7708.jpg,Red soil,"rgb(241, 159, 97)"
img_ed9ba5bd.gif,Red soil,"rgb(156, 45, 36)"
img_916171f6.jpg,Red soil,"rgb(152, 42, 33)"
img_72e83a3d.jpg,Red soil,"rgb(139, 91, 87)"
img_dadc424f.jpg,Red soil,"rgb(1, 0, 0)"
img_dce4e494.jpg,Red soil,"rgb(138, 74, 43)"
img_00317510.jpg,Red soil,"rgb(161, 77, 40)"
img_4effbb6a.jpg,Red soil,"rgb(93, 51, 39)"
img_a7461300.jpg,Red soil,"rgb(153, 44, 36)"
img_15cfde43.jpg,Red soil,"rgb(0, 0, 0)"
img_6e600345.jpg,Red soil,"rgb(187, 85, 51)"
img_af9a4101.jpg,Red soil,"rgb(139, 50, 14)"
img_abc915c6.jpg,Red soil,"rgb(108, 41, 24)"
img_0ba66119.jpg,Red soil,"rgb(52, 16, 17)"
img_923fc79a.gif,Red soil,"rgb(156, 45, 36)"
img_a16b5bc2.jpg,Red soil,"rgb(142, 87, 66)"
img_997b9eb9.jpg,Red soil,"rgb(253, 252, 250)"
img_bf9d2634.jpg,Red soil,"rgb(87, 29, 18)"
img_43619511.jpg,Red soil,"rgb(232, 130, 112)"
img_76db3f97.jpg,Red soil,"rgb(158, 86, 64)"
img_5c393ded.jpg,Red soil,"rgb(129, 52, 34)"
img_a5500074.jpg,Red soil,"rgb(181, 103, 101)"
img_089078de.jpg,Red soil,"rgb(157, 88, 66)"
img_959a3370.jpg,Red soil,"rgb(180, 105, 59)"
img_825a6182.jpeg,Red soil,"rgb(156, 47, 39)"
img_493ab595.jpeg,Red soil,"rgb(174, 88, 52)"
img_d1f26fb7.jpg,Red soil,"rgb(219, 231, 244)"
img_a37a0f96.jpeg,Red soil,"rgb(187, 83, 60)"
img_6da6e878.jpg,Red soil,"rgb(187, 58, 10)"
img_79703d2e.jpg,Red soil,"rgb(127, 86, 81)"
img_d1c3d91d.jpg,Red soil,"rgb(0, 0, 0)"
img_8f30eecd.jpg,Red soil,"rgb(153, 91, 59)"
img_09ce57b8.jpg,Red soil,"rgb(217, 90, 41)"
img_ed12bf66.jpg,Red soil,"rgb(1, 0, 0)"
img_873bbb2d.jpg,Red soil,"rgb(174, 88, 52)"
img_11084c35.jpg,Red soil,"rgb(0, 0, 0)"
img_285c838d.jpg,Red soil,"rgb(224, 90, 32)"
img_ba0e5f98.jpg,Red soil,"rgb(147, 84, 61)"
img_08b35dff.jpg,Red soil,"rgb(165, 92, 94)"
img_05974030.jpg,Red soil,"rgb(218, 128, 94)"
img_7e10631e.jpg,Red soil,"rgb(202, 108, 78)"
img_36962a7f.jpeg,Red soil,"rgb(189, 83, 30)"
img_97d84f5a.jpg,Red soil,"rgb(206, 101, 54)"
img_256b079a.jpg,Red soil,"rgb(242, 137, 85)"
img_7e09c6e4.jpg,Red soil,"rgb(217, 115, 84)"
img_a7aa1ecd.jpg,Red soil,"rgb(211, 131, 111)"
img_224644d2.jpg,Red soil,"rgb(165, 56, 48)"
img_7d3202be.jpg,Red soil,"rgb(107, 56, 34)"
img_bd5b91f1.jpg,Red soil,"rgb(186, 89, 54)"
img_4dedd121.jpeg,Red soil,"rgb(152, 56, 49)"
img_5bdc4a4c.jpg,Red soil,"rgb(164, 77, 46)"
img_0a713555.jpg,Red soil,"rgb(219, 132, 75)"
img_b49f4e87.jpg,Red soil,"rgb(178, 93, 56)"
img_c3bf2c64.jpg,Red soil,"rgb(192, 101, 57)"
img_bfab6d8d.jpg,Red soil,"rgb(167, 53, 48)"
img_c4cd0da3.jpg,Red soil,"rgb(1, 0, 0)"
img_c4ae04c7.jpg,Red soil,"rgb(245, 157, 90)"
img_5737b4df.jpg,Red soil,"rgb(251, 248, 247)"
img_a3df6aa4.jpeg,Red soil,"rgb(156, 46, 38)"
img_0754f6a8.jpg,Red soil,"rgb(218, 231, 244)"
img_5b780d43.jpg,Red soil,"rgb(240, 122, 101)"
img_dfac6d9d.jpg,Red soil,"rgb(87, 29, 18)"
img_4df133fb.jpg,Red soil,"rgb(129, 52, 34)"
img_067f330a.jpg,Red soil,"rgb(196, 100, 54)"
img_8a2801a1.jpg,Red soil,"rgb(188, 124, 81)"
img_f20a2322.jpeg,Red soil,"rgb(187, 81, 27)"
img_adaa2c0c.jpg,Red soil,"rgb(144, 53, 21)"
img_d9cab8b9.jpg,Red soil,"rgb(126, 50, 31)"
img_3309bdaa.jpg,Red soil,"rgb(0, 0, 0)"
img_d0fa4e22.jpg,Red soil,"rgb(153, 91, 59)"
img_996307f8.jpg,Red soil,"rgb(0, 0, 0)"
img_8e60c4df.jpg,Red soil,"rgb(157, 69, 52)"
img_0670e957.jpg,Red soil,"rgb(182, 99, 65)"
img_844fd3cd.jpg,Red soil,"rgb(0, 0, 0)"
img_776ad645.jpg,Red soil,"rgb(210, 90, 68)"
img_077d7851.jpg,Red soil,"rgb(198, 91, 59)"
img_c7ba2a67.jpg,Red soil,"rgb(157, 88, 66)"
img_1bb5bc8d.jpg,Red soil,"rgb(165, 111, 98)"
img_8fdd42ae.jpg,Red soil,"rgb(160, 47, 16)"
img_b6b8d521.jpg,Red soil,"rgb(183, 100, 72)"
img_266e67b9.jpg,Red soil,"rgb(179, 102, 65)"
img_db3ab2be.jpg,Red soil,"rgb(165, 56, 48)"
img_2e289d18.jpg,Red soil,"rgb(206, 101, 54)"
img_1753e907.jpg,Red soil,"rgb(202, 108, 78)"
img_73824ae9.jpg,Red soil,"rgb(217, 115, 84)"
img_baffdf14.jpg,Red soil,"rgb(242, 137, 85)"
img_7f8f673c.jpg,Red soil,"rgb(181, 104, 102)"
img_b1ea09fd.jpeg,Red soil,"rgb(187, 102, 66)"
img_18775cef.jpg,Red soil,"rgb(164, 77, 46)"
img_4b5b36f1.jpg,Red soil,"rgb(178, 93, 56)"
img_6cf7c744.jpg,Red soil,"rgb(217, 90, 39)"
img_19136b12.jpg,Red soil,"rgb(146, 85, 62)"
img_4b62f891.jpeg,Red soil,"rgb(160, 73, 38)"
img_10b71234.jpeg,Red soil,"rgb(139, 57, 36)"
img_59f91867.jpg,Red soil,"rgb(158, 78, 49)"
img_7003c0b9.jpg,Red soil,"rgb(161, 101, 71)"
img_1a71c549.jpg,Red soil,"rgb(203, 118, 97)"
img_68f6b58f.jpg,Red soil,"rgb(119, 29, 30)"
img_db5f2735.jpg,Red soil,"rgb(147, 84, 61)"
img_8c26747a.jpg,Red soil,"rgb(208, 64, 28)"
img_176bb40b.jpeg,Red soil,"rgb(153, 78, 59)"
img_2aea6d55.jpg,Red soil,"rgb(190, 81, 41)"
img_60ad3397.jpeg,Red soil,"rgb(161, 101, 71)"
img_6eea37a6.jpg,Red soil,"rgb(215, 108, 61)"
img_79b7f773.jpg,Red soil,"rgb(135, 76, 44)"
img_fbe6b18e.jpeg,Red soil,"rgb(252, 250, 248)"
img_1d31249e.jpg,Red soil,"rgb(181, 103, 101)"
img_5d35ed5c.jpeg,Red soil,"rgb(204, 99, 53)"
img_83d433d2.jpg,Red soil,"rgb(180, 105, 59)"
img_20bc95fc.jpeg,Red soil,"rgb(156, 47, 39)"
img_7b328b0b.jpg,Red soil,"rgb(153, 69, 42)"
img_805d4f60.jpg,Red soil,"rgb(147, 94, 73)"
img_d3fca5b8.jpg,Red soil,"rgb(164, 95, 80)"
img_30fe53bd.jpg,Red soil,"rgb(0, 0, 0)"
img_6f9b6311.jpg,Red soil,"rgb(190, 127, 90)"
img_796b7352.jpg,Red soil,"rgb(146, 40, 15)"
img_bdc13a37.jpg,Red soil,"rgb(116, 38, 23)"
img_94db428a.jpg,Red soil,"rgb(110, 44, 40)"
img_821a6521.jpg,Red soil,"rgb(110, 33, 19)"
img_59e407a6.jpg,Red soil,"rgb(1, 0, 0)"
img_de1344ee.jpeg,Red soil,"rgb(153, 78, 59)"
img_2ef2634d.jpg,Red soil,"rgb(159, 69, 45)"
img_f1880ddb.jpg,Red soil,"rgb(144, 53, 21)"
img_e2c3a003.jpg,Red soil,"rgb(210, 90, 68)"
img_bf8fc5b4.jpg,Red soil,"rgb(120, 52, 37)"
img_f753b908.jpg,Red soil,"rgb(0, 0, 0)"
img_138efd41.jpg,Red soil,"rgb(153, 44, 36)"
img_42f05656.jpg,Red soil,"rgb(93, 51, 39)"
img_3bddd7f6.jpg,Red soil,"rgb(0, 0, 0)"
img_9f91569c.jpg,Red soil,"rgb(174, 80, 21)"
img_31be5bb1.jpg,Red soil,"rgb(240, 122, 101)"
img_b78335df.jpg,Red soil,"rgb(133, 64, 52)"
img_4f038176.jpg,Red soil,"rgb(190, 83, 24)"
img_7c75f0bd.jpg,Red soil,"rgb(139, 91, 87)"
img_306f6b2d.jpg,Red soil,"rgb(0, 0, 0)"
img_55465bce.jpg,Red soil,"rgb(161, 77, 40)"
img_726662f1.jpg,Red soil,"rgb(181, 103, 63)"
img_8faab348.jpg,Red soil,"rgb(166, 56, 47)"
img_6fc51185.jpg,Red soil,"rgb(0, 0, 0)"
img_01a18016.jpg,Red soil,"rgb(182, 99, 65)"
img_6e1ef36a.jpg,Red soil,"rgb(142, 87, 66)"
img_c46adea7.jpg,Red soil,"rgb(110, 31, 29)"
img_a2758805.jpg,Red soil,"rgb(216, 111, 63)"
img_29d43056.jpg,Red soil,"rgb(179, 92, 43)"
img_a8772b9c.jpg,Red soil,"rgb(165, 111, 98)"
img_19d66b0d.jpeg,Red soil,"rgb(143, 57, 30)"
img_bdcacdbc.jpg,Red soil,"rgb(198, 91, 59)"
img_6a915872.jpg,Red soil,"rgb(172, 58, 48)"
img_3050f4cb.png,Red soil,"rgb(180, 93, 43)"
img_b97e9656.jpg,Red soil,"rgb(0, 0, 0)"
img_94728e96.jpeg,Red soil,"rgb(156, 46, 38)"
img_d4e89075.jpg,Red soil,"rgb(218, 231, 244)"
img_5c79971c.jpg,Red soil,"rgb(196, 100, 54)"
img_1c02817b.jpg,Red soil,"rgb(174, 84, 32)"
img_e69fd8a4.jpg,Red soil,"rgb(152, 42, 33)"
img_05119844.jpeg,Red soil,"rgb(187, 102, 66)"
img_625aecac.jpg,Red soil,"rgb(161, 66, 40)"
img_39dc2dd7.jpg,Red soil,"rgb(146, 85, 62)"
img_8c6e737c.jpeg,Red soil,"rgb(160, 73, 38)"
img_99dd0c1f.jpg,Red soil,"rgb(158, 78, 49)"
img_1dc5fb41.jpeg,Red soil,"rgb(139, 57, 36)"
img_3d782e64.jpg,Red soil,"rgb(123, 84, 78)"
img_8199b113.jpg,Red soil,"rgb(237, 119, 100)"
img_d5a3ee11.jpg,Red soil,"rgb(177, 28, 18)"
img_21a7ddef.jpg,Red soil,"rgb(193, 99, 52)"
img_55309ad0.jpg,Red soil,"rgb(153, 78, 59)"
img_1344a0e5.jpg,Red soil,"rgb(199, 91, 59)"
img_3070c3aa.jpg,Red soil,"rgb(253, 252, 250)"
img_51396f76.jpg,Red soil,"rgb(190, 83, 24)"
img_3d325c6c.jpg,Red soil,"rgb(190, 127, 90)"
img_c6762c77.jpg,Red soil,"rgb(145, 68, 61)"
img_4573e922.jpg,Red soil,"rgb(0, 0, 0)"
img_ba9bc119.jpeg,Red soil,"rgb(161, 101, 71)"
img_d9f42d31.jpg,Red soil,"rgb(147, 68, 12)"
img_51a0d61e.jpg,Red soil,"rgb(177, 28, 18)"
img_bb085983.jpg,Red soil,"rgb(209, 91, 69)"
img_bfc65b55.jpg,Red soil,"rgb(107, 56, 34)"
img_6d7d0ead.jpeg,Red soil,"rgb(252, 250, 248)"
img_67ab30d6.jpg,Red soil,"rgb(102, 37, 32)"
img_1cbd9390.jpg,Red soil,"rgb(174, 80, 21)"
img_9c9f6951.jpg,Red soil,"rgb(174, 84, 31)"
img_f384950a.jpg,Red soil,"rgb(191, 89, 38)"
img_c568e2eb.jpg,Red soil,"rgb(181, 104, 102)"
img_595e0099.jpeg,Red soil,"rgb(165, 56, 48)"
img_ddc7af4a.jpg,Red soil,"rgb(142, 54, 25)"
img_75003cfe.jpg,Red soil,"rgb(199, 91, 59)"
img_5b0895e5.jpg,Red soil,"rgb(155, 51, 49)"
img_09bc2967.jpg,Red soil,"rgb(245, 121, 99)"
img_62bbb98a.jpg,Black Soil,"rgb(24, 14, 10)"
img_cc19756b.jpg,Black Soil,"rgb(47, 35, 29)"
img_4d5e311d.jpg,Black Soil,"rgb(70, 68, 65)"
img_acabb5e2.jpg,Black Soil,"rgb(0, 0, 0)"
img_fa948070.jpg,Black Soil,"rgb(96, 82, 73)"
img_563bdadd.jpg,Black Soil,"rgb(85, 60, 48)"
img_367576ba.jpg,Black Soil,"rgb(97, 93, 90)"
img_58262d58.jpg,Black Soil,"rgb(25, 16, 12)"
img_e2e8afd0.webp,Black Soil,"rgb(120, 120, 120)"
img_ca18cfdb.jpg,Black Soil,"rgb(54, 45, 34)"
img_245af7de.jpg,Black Soil,"rgb(68, 56, 46)"
img_35338fa8.jpg,Black Soil,"rgb(73, 61, 53)"
img_d983c6ac.jpg,Black Soil,"rgb(50, 37, 36)"
img_bac85723.jpg,Black Soil,"rgb(26, 18, 7)"
img_e10e51b5.jpg,Black Soil,"rgb(69, 47, 35)"
img_180e48db.jpg,Black Soil,"rgb(0, 0, 0)"
img_009a3c89.jpg,Black Soil,"rgb(54, 41, 35)"
img_305b70cc.jpg,Black Soil,"rgb(39, 36, 42)"
img_5735309e.jpg,Black Soil,"rgb(60, 50, 58)"
img_6960350c.jpg,Black Soil,"rgb(50, 37, 36)"
img_9da049f9.jpg,Black Soil,"rgb(54, 45, 34)"
img_5afb2c7d.jpg,Black Soil,"rgb(24, 14, 10)"
img_67d5dcf4.jpg,Black Soil,"rgb(43, 36, 34)"
img_70678257.jpg,Black Soil,"rgb(0, 0, 0)"
img_6ac5743c.jpg,Black Soil,"rgb(252, 252, 252)"
img_9f047706.jpg,Black Soil,"rgb(62, 47, 39)"
img_efb8050c.jpg,Black Soil,"rgb(162, 164, 163)"
img_f134b5b9.jpg,Black Soil,"rgb(26, 18, 7)"
img_e083693d.jpg,Black Soil,"rgb(77, 63, 54)"
img_19025400.jpg,Black Soil,"rgb(51, 51, 51)"
img_3e2e19c6.jpg,Black Soil,"rgb(29, 21, 19)"
img_610fe3aa.jpg,Black Soil,"rgb(75, 60, 53)"
img_779c3955.jpg,Black Soil,"rgb(252, 252, 252)"
img_efe7b78d.jpg,Black Soil,"rgb(0, 0, 0)"
img_cbbe7dff.jpg,Black Soil,"rgb(27, 16, 12)"
img_91fb6d54.jpg,Black Soil,"rgb(26, 25, 21)"
img_f9b0b4a7.jpg,Black Soil,"rgb(25, 16, 12)"
img_cdf7362c.jpg,Black Soil,"rgb(128, 96, 80)"
img_0a7ef3bc.jpg,Black Soil,"rgb(26, 17, 13)"
img_abfcb305.jpg,Black Soil,"rgb(47, 33, 28)"
img_f278cecf.jpg,Black Soil,"rgb(78, 66, 64)"
img_7301b67e.jpg,Black Soil,"rgb(119, 85, 69)"
img_6b9be8ee.jpg,Black Soil,"rgb(41, 32, 29)"
img_2d5911bd.webp,Black Soil,"rgb(120, 120, 120)"
img_dc741535.jpg,Black Soil,"rgb(0, 0, 0)"
img_a8a5a884.jpg,Black Soil,"rgb(45, 32, 24)"
img_90de7230.jpg,Black Soil,"rgb(36, 22, 16)"
img_ec24c9bf.jpg,Black Soil,"rgb(68, 56, 46)"
img_a9c60074.jpg,Black Soil,"rgb(23, 23, 23)"
img_3fcd02e7.jpg,Black Soil,"rgb(85, 59, 48)"
img_e48dfef4.jpg,Black Soil,"rgb(37, 23, 15)"
img_8f661b0d.jpg,Black Soil,"rgb(71, 64, 61)"
img_10cb5609.jpg,Black Soil,"rgb(39, 23, 19)"
img_eb4e7a07.jpg,Black Soil,"rgb(40, 24, 15)"
img_5b436b84.jpg,Black Soil,"rgb(54, 35, 28)"
img_22b8d948.jpg,Black Soil,"rgb(37, 30, 24)"
img_fbc9cf4d.jpg,Black Soil,"rgb(87, 78, 64)"
img_6deca21d.jpg,Black Soil,"rgb(82, 67, 56)"
img_f46444e1.jpg,Black Soil,"rgb(83, 55, 45)"
img_85df987f.jpg,Black Soil,"rgb(63, 46, 35)"
img_f65ccfef.jpg,Black Soil,"rgb(59, 36, 18)"
img_a61166e5.jpg,Black Soil,"rgb(62, 51, 45)"
img_7683f67b.jpg,Black Soil,"rgb(58, 53, 57)"
img_fc54e196.jpg,Black Soil,"rgb(77, 61, 53)"
img_6b19ba7e.jpg,Black Soil,"rgb(46, 32, 25)"
img_1b1eb19b.jpg,Black Soil,"rgb(62, 50, 44)"
img_856ab8d7.jpg,Black Soil,"rgb(24, 14, 10)"
img_0e0fe7f7.jpg,Black Soil,"rgb(28, 19, 16)"
img_e4370fcb.jpg,Black Soil,"rgb(22, 9, 5)"
img_38bfe1db.jpg,Black Soil,"rgb(35, 22, 17)"
img_9f742a11.jpg,Black Soil,"rgb(78, 66, 64)"
img_802604ec.jpg,Black Soil,"rgb(76, 61, 48)"
img_0efd779d.jpg,Black Soil,"rgb(52, 32, 18)"
img_9e0912d3.jpg,Black Soil,"rgb(103, 92, 86)"
img_4e2116c7.jpg,Black Soil,"rgb(20, 17, 15)"
img_3d251deb.jpg,Black Soil,"rgb(96, 82, 73)"
img_d64a9cfe.jpg,Black Soil,"rgb(41, 34, 32)"
img_fcc4f2eb.jpg,Black Soil,"rgb(37, 36, 38)"
img_76cadce6.jpg,Black Soil,"rgb(29, 21, 19)"
img_e1e1006a.jpg,Black Soil,"rgb(37, 36, 38)"
img_4e5d044b.jpg,Black Soil,"rgb(54, 45, 33)"
img_32c0e35b.jpg,Black Soil,"rgb(47, 38, 29)"
img_d4bd06a6.jpg,Black Soil,"rgb(46, 36, 30)"
img_799307e7.jpg,Black Soil,"rgb(69, 47, 35)"
img_a663fd4c.jpg,Black Soil,"rgb(22, 9, 5)"
img_9c547df0.jpg,Black Soil,"rgb(35, 27, 20)"
img_d246b5d3.jpg,Black Soil,"rgb(41, 25, 16)"
img_725a6617.jpg,Black Soil,"rgb(75, 60, 53)"
img_b7142d59.jpg,Black Soil,"rgb(49, 25, 14)"
img_748e13a0.jpg,Black Soil,"rgb(26, 14, 9)"
img_58806628.jpg,Black Soil,"rgb(78, 61, 53)"
img_66485808.jpg,Black Soil,"rgb(88, 64, 49)"
img_72eda716.jpg,Black Soil,"rgb(33, 19, 17)"
img_2a20ef84.jpg,Black Soil,"rgb(20, 20, 17)"
img_0b36eb63.jpg,Black Soil,"rgb(34, 20, 12)"
img_e608d0fc.jpg,Black Soil,"rgb(54, 41, 35)"
img_20fad851.jpg,Black Soil,"rgb(26, 25, 21)"
img_c84eed10.jpg,Black Soil,"rgb(56, 55, 53)"
img_e15cf9ad.webp,Black Soil,"rgb(120, 120, 120)"
img_ff3635a0.jpg,Black Soil,"rgb(36, 25, 19)"
img_70306282.jpg,Black Soil,"rgb(45, 33, 24)"
img_b7277733.jpg,Black Soil,"rgb(39, 23, 19)"
img_05c2d859.jpg,Black Soil,"rgb(103, 92, 86)"
img_64a67147.jpg,Black Soil,"rgb(0, 0, 0)"
img_a9b71c68.jpg,Black Soil,"rgb(29, 21, 19)"
img_a6146dfc.jpg,Black Soil,"rgb(52, 32, 18)"
img_56721f10.jpg,Black Soil,"rgb(27, 19, 16)"
img_8abdb9f7.jpg,Black Soil,"rgb(27, 16, 12)"
img_949b9459.jpg,Black Soil,"rgb(37, 36, 38)"
img_6d01dd31.jpg,Black Soil,"rgb(29, 14, 10)"
img_eaf611d1.jpg,Black Soil,"rgb(62, 61, 65)"
img_3b5c3aa6.jpg,Black Soil,"rgb(73, 70, 71)"
img_13898feb.jpg,Black Soil,"rgb(20, 17, 15)"
img_2f0796ae.jpg,Black Soil,"rgb(0, 0, 0)"
img_22b9080b.jpg,Black Soil,"rgb(60, 45, 38)"
img_4021b6aa.jpg,Black Soil,"rgb(49, 25, 14)"
img_3319b5ff.jpg,Black Soil,"rgb(34, 32, 30)"
img_b70e92e2.jpg,Black Soil,"rgb(33, 30, 30)"
img_38294df5.jpg,Black Soil,"rgb(49, 37, 37)"
img_ca2762af.jpg,Black Soil,"rgb(46, 36, 30)"
img_818105eb.jpg,Black Soil,"rgb(26, 17, 13)"
img_ae67e4d3.jpg,Black Soil,"rgb(47, 38, 29)"
img_a126a16b.jpg,Black Soil,"rgb(54, 45, 33)"
img_3f3f7d69.jpg,Black Soil,"rgb(60, 45, 38)"
img_d5d656e1.jpg,Black Soil,"rgb(52, 32, 18)"
img_5f8c00b4.jpg,Black Soil,"rgb(47, 35, 29)"
img_06fa6cf1.jpg,Black Soil,"rgb(20, 20, 17)"
img_83dbd6d9.jpg,Black Soil,"rgb(73, 61, 53)"
img_a8843123.jpg,Black Soil,"rgb(102, 102, 102)"
img_88c9d29a.jpg,Black Soil,"rgb(99, 84, 79)"
img_b326fb12.jpg,Black Soil,"rgb(52, 32, 18)"
img_133bbfb9.jpg,Black Soil,"rgb(85, 59, 48)"
img_1fdde539.jpg,Black Soil,"rgb(82, 67, 56)"
img_c6daceec.jpg,Black Soil,"rgb(20, 20, 17)"
img_594ce9fa.jpg,Black Soil,"rgb(45, 33, 24)"
img_8116a600.jpg,Black Soil,"rgb(60, 50, 58)"
img_00e487ce.jpg,Black Soil,"rgb(23, 23, 23)"
img_af7f1c58.jpg,Black Soil,"rgb(24, 15, 10)"
img_dd86fa78.jpg,Black Soil,"rgb(61, 61, 66)"
img_6ead6183.jpg,Black Soil,"rgb(64, 48, 39)"
img_1ef0f270.jpg,Black Soil,"rgb(52, 32, 18)"
img_edf3cd0d.jpg,Black Soil,"rgb(24, 15, 10)"
img_4f3cc96c.jpg,Black Soil,"rgb(34, 20, 12)"
img_53880881.jpg,Black Soil,"rgb(48, 36, 32)"
img_e062a25a.jpg,Black Soil,"rgb(20, 17, 15)"
img_a0e474ad.jpg,Black Soil,"rgb(54, 41, 35)"
img_39f213c3.jpg,Black Soil,"rgb(39, 23, 19)"
img_d1813091.jpg,Black Soil,"rgb(72, 56, 49)"
img_46917feb.jpg,Black Soil,"rgb(40, 24, 15)"
img_e0c47e2d.jpg,Black Soil,"rgb(63, 46, 35)"
img_080bf6f6.jpg,Black Soil,"rgb(42, 33, 26)"
img_dc7fc32c.jpg,Black Soil,"rgb(61, 50, 44)"
img_2428832c.jpg,Black Soil,"rgb(25, 24, 21)"
img_95fb848f.jpeg,Black Soil,"rgb(127, 115, 107)"
img_7805329e.jpg,Black Soil,"rgb(78, 61, 53)"
img_a60981be.jpg,Black Soil,"rgb(72, 56, 49)"
img_15eea05e.jpg,Black Soil,"rgb(34, 20, 12)"
img_79fd1683.jpg,Black Soil,"rgb(85, 59, 48)"
img_992c940d.jpg,Black Soil,"rgb(23, 23, 23)"
img_5a88acf2.jpg,Black Soil,"rgb(36, 22, 16)"
img_58f41e29.jpg,Black Soil,"rgb(45, 32, 24)"
img_aae616b9.jpg,Black Soil,"rgb(52, 32, 18)"
img_9586696e.jpg,Black Soil,"rgb(27, 19, 16)"
img_c746f9bd.jpg,Black Soil,"rgb(31, 22, 16)"
img_5e17431c.jpg,Black Soil,"rgb(74, 48, 22)"
img_d6fc641a.jpg,Black Soil,"rgb(35, 27, 20)"
img_d0d90e10.jpg,Black Soil,"rgb(25, 16, 12)"
img_3bc42b6e.jpg,Black Soil,"rgb(41, 32, 29)"
img_115cbef7.jpg,Black Soil,"rgb(52, 41, 37)"
img_5398f782.jpg,Black Soil,"rgb(77, 61, 53)"
img_d91bd421.jpg,Black Soil,"rgb(0, 0, 0)"
img_562933f5.jpg,Black Soil,"rgb(62, 50, 44)"
img_95a6315b.jpg,Black Soil,"rgb(46, 32, 25)"
img_5526a41f.jpg,Black Soil,"rgb(124, 124, 122)"
img_f0419242.jpg,Black Soil,"rgb(253, 253, 253)"
img_6a66a730.jpg,Black Soil,"rgb(83, 55, 45)"
img_c26c3dc0.jpg,Black Soil,"rgb(46, 36, 30)"
img_ccf99548.jpg,Black Soil,"rgb(46, 36, 30)"
img_0d5fd034.jpg,Black Soil,"rgb(59, 36, 18)"
img_6fce4b6c.jpg,Black Soil,"rgb(35, 22, 17)"
img_61f54356.jpg,Black Soil,"rgb(27, 16, 12)"
img_337839f0.jpg,Black Soil,"rgb(76, 61, 48)"
img_c55ab208.jpg,Black Soil,"rgb(62, 47, 39)"
img_b03bcbda.jpg,Black Soil,"rgb(0, 0, 0)"
img_b8f6e297.jpg,Black Soil,"rgb(36, 33, 36)"
img_4f6a37cb.jpg,Black Soil,"rgb(77, 78, 78)"
img_5f93b4f5.jpg,Black Soil,"rgb(48, 36, 32)"
img_ea0cb0dc.jpg,Black Soil,"rgb(47, 38, 29)"
img_3dacae65.jpg,Black Soil,"rgb(54, 35, 28)"
img_45b37146.jpg,Black Soil,"rgb(75, 60, 53)"
img_d09e780e.jpg,Black Soil,"rgb(56, 56, 59)"
img_9844c169.jpg,Black Soil,"rgb(45, 32, 24)"
img_da2dd903.jpg,Black Soil,"rgb(47, 33, 28)"
img_89a48db3.jpg,Black Soil,"rgb(162, 164, 163)"
img_5ae32f56.jpg,Black Soil,"rgb(26, 14, 9)"
img_79ade200.jpg,Black Soil,"rgb(21, 21, 21)"
img_dcac20e5.jpeg,Black Soil,"rgb(127, 115, 107)"
img_14c00744.jpg,Black Soil,"rgb(252, 252, 252)"
img_f491248f.jpg,Black Soil,"rgb(47, 33, 28)"
img_15966040.jpg,Black Soil,"rgb(32, 28, 25)"
img_d3891c5e.jpg,Black Soil,"rgb(77, 61, 53)"
img_8cb88ad5.jpg,Black Soil,"rgb(0, 0, 0)"
img_5dcd9706.jpg,Black Soil,"rgb(26, 25, 21)"
img_768ba5f0.jpg,Black Soil,"rgb(162, 164, 163)"
img_434789c6.jpg,Black Soil,"rgb(253, 253, 253)"
img_91fb0691.jpg,Black Soil,"rgb(0, 0, 0)"
img_d1d47d55.jpg,Black Soil,"rgb(51, 44, 43)"
img_a9ac3969.jpg,Black Soil,"rgb(76, 61, 48)"
img_eaf26f75.jpg,Black Soil,"rgb(97, 93, 90)"
img_11c0f907.jpg,Black Soil,"rgb(52, 41, 37)"
img_fd3d42d8.jpg,Black Soil,"rgb(65, 55, 57)"
img_080614e6.jpg,Black Soil,"rgb(70, 60, 51)"
img_a45d3707.jpg,Black Soil,"rgb(146, 124, 114)"
img_e309777f.jpg,Black Soil,"rgb(85, 60, 48)"
img_3b214381.jpeg,Black Soil,"rgb(127, 115, 107)"
img_38e387e6.jpg,Black Soil,"rgb(97, 93, 90)"
img_1528fd3d.jpg,Black Soil,"rgb(0, 0, 0)"
img_af68a2f7.jpg,Black Soil,"rgb(62, 51, 45)"
img_b20517e3.jpg,Black Soil,"rgb(60, 50, 58)"
img_e6ebb3fb.jpg,Black Soil,"rgb(61, 59, 50)"
img_527f28f7.jpg,Black Soil,"rgb(27, 16, 12)"
img_624ba670.jpg,Black Soil,"rgb(85, 60, 48)"
img_ae4f0d52.jpg,Black Soil,"rgb(26, 18, 7)"
img_cac78a29.jpg,Black Soil,"rgb(42, 33, 26)"
img_2be9a315.jpg,Black Soil,"rgb(45, 33, 24)"
img_6e5fc340.jpg,Black Soil,"rgb(69, 47, 35)"
img_9ae546bd.jpg,Black Soil,"rgb(62, 47, 39)"
img_6e0b1b7c.jpg,Black Soil,"rgb(0, 0, 0)"
img_5c4372f8.jpg,Black Soil,"rgb(77, 57, 35)"
img_6f5bf9d2.jpg,Black Soil,"rgb(54, 45, 34)"
img_c14dbbd0.jpg,Black Soil,"rgb(50, 37, 36)"
